floor,county,fips,radon,log_radon,uranium,log_uranium,county_id
1,AITKIN              ,27001,2.2,0.7884573603642703,0.502054,-0.6890475953544999,1
0,AITKIN              ,27001,2.2,0.7884573603642703,0.502054,-0.6890475953544999,1
0,AITKIN              ,27001,2.9,1.0647107369924282,0.502054,-0.6890475953544999,1
0,AITKIN              ,27001,1.0,0.0,0.502054,-0.6890475953544999,1
0,ANOKA               ,27003,3.1,1.1314021114911006,0.428565,-0.8473128604997048,2
0,ANOKA               ,27003,2.5,0.9162907318741551,0.428565,-0.8473128604997048,2
0,ANOKA               ,27003,1.5,0.4054651081081644,0.428565,-0.8473128604997048,2
0,ANOKA               ,27003,1.0,0.0,0.428565,-0.8473128604997048,2
0,ANOKA               ,27003,0.7,-0.35667494393873245,0.428565,-0.8473128604997048,2
0,ANOKA               ,27003,1.2,0.1823215567939546,0.428565,-0.8473128604997048,2
0,ANOKA               ,27003,1.2,0.1823215567939546,0.428565,-0.8473128604997048,2
0,ANOKA               ,27003,1.3,0.26236426446749106,0.428565,-0.8473128604997048,2
0,ANOKA               ,27003,1.4,0.3364722366212129,0.428565,-0.8473128604997048,2
0,ANOKA               ,27003,0.4,-0.916290731874155,0.428565,-0.8473128604997048,2
0,ANOKA               ,27003,1.1,0.09531017980432493,0.428565,-0.8473128604997048,2
0,ANOKA               ,27003,4.5,1.5040773967762742,0.428565,-0.8473128604997048,2
0,ANOKA               ,27003,1.3,0.26236426446749106,0.428565,-0.8473128604997048,2
0,ANOKA               ,27003,2.1,0.7419373447293773,0.428565,-0.8473128604997048,2
0,ANOKA               ,27003,5.9,1.7749523509116738,0.428565,-0.8473128604997048,2
0,ANOKA               ,27003,3.3,1.1939224684724346,0.428565,-0.8473128604997048,2
0,ANOKA               ,27003,1.8,0.5877866649021191,0.428565,-0.8473128604997048,2
0,ANOKA               ,27003,5.4,1.6863989535702288,0.428565,-0.8473128604997048,2
0,ANOKA               ,27003,6.3,1.840549633397487,0.428565,-0.8473128604997048,2
0,ANOKA               ,27003,1.9,0.6418538861723947,0.428565,-0.8473128604997048,2
0,ANOKA               ,27003,6.6,1.8870696490323797,0.428565,-0.8473128604997048,2
0,ANOKA               ,27003,3.1,1.1314021114911006,0.428565,-0.8473128604997048,2
0,ANOKA               ,27003,6.8,1.916922612182061,0.428565,-0.8473128604997048,2
0,ANOKA               ,27003,7.0,1.9459101490553132,0.428565,-0.8473128604997048,2
0,ANOKA               ,27003,7.7,2.0412203288596382,0.428565,-0.8473128604997048,2
0,ANOKA               ,27003,5.2,1.6486586255873816,0.428565,-0.8473128604997048,2
0,ANOKA               ,27003,4.5,1.5040773967762742,0.428565,-0.8473128604997048,2
0,ANOKA               ,27003,4.4,1.4816045409242156,0.428565,-0.8473128604997048,2
0,ANOKA               ,27003,2.8,1.0296194171811581,0.428565,-0.8473128604997048,2
0,ANOKA               ,27003,8.1,2.0918640616783932,0.428565,-0.8473128604997048,2
0,ANOKA               ,27003,1.6,0.47000362924573563,0.428565,-0.8473128604997048,2
0,ANOKA               ,27003,4.2,1.4350845252893227,0.428565,-0.8473128604997048,2
0,ANOKA               ,27003,5.4,1.6863989535702288,0.428565,-0.8473128604997048,2
0,ANOKA               ,27003,4.0,1.3862943611198906,0.428565,-0.8473128604997048,2
0,ANOKA               ,27003,2.3,0.8329091229351039,0.428565,-0.8473128604997048,2
0,ANOKA               ,27003,2.9,1.0647107369924282,0.428565,-0.8473128604997048,2
0,ANOKA               ,27003,1.4,0.3364722366212129,0.428565,-0.8473128604997048,2
0,ANOKA               ,27003,3.3,1.1939224684724346,0.428565,-0.8473128604997048,2
0,ANOKA               ,27003,2.9,1.0647107369924282,0.428565,-0.8473128604997048,2
1,ANOKA               ,27003,1.8,0.5877866649021191,0.428565,-0.8473128604997048,2
1,ANOKA               ,27003,0.2,-1.6094379124341003,0.428565,-0.8473128604997048,2
0,ANOKA               ,27003,2.4,0.8754687373538999,0.428565,-0.8473128604997048,2
1,ANOKA               ,27003,1.1,0.09531017980432493,0.428565,-0.8473128604997048,2
0,ANOKA               ,27003,2.2,0.7884573603642703,0.428565,-0.8473128604997048,2
0,ANOKA               ,27003,0.6,-0.5108256237659907,0.428565,-0.8473128604997048,2
0,ANOKA               ,27003,1.7,0.5306282510621704,0.428565,-0.8473128604997048,2
0,ANOKA               ,27003,2.9,1.0647107369924282,0.428565,-0.8473128604997048,2
0,ANOKA               ,27003,2.2,0.7884573603642703,0.428565,-0.8473128604997048,2
0,ANOKA               ,27003,1.7,0.5306282510621704,0.428565,-0.8473128604997048,2
0,ANOKA               ,27003,1.4,0.3364722366212129,0.428565,-0.8473128604997048,2
0,ANOKA               ,27003,1.9,0.6418538861723947,0.428565,-0.8473128604997048,2
0,ANOKA               ,27003,1.8,0.5877866649021191,0.428565,-0.8473128604997048,2
1,BECKER              ,27005,1.2,0.1823215567939546,0.892741,-0.11345877376814012,3
0,BECKER              ,27005,4.3,1.4586150226995167,0.892741,-0.11345877376814012,3
1,BECKER              ,27005,4.5,1.5040773967762742,0.892741,-0.11345877376814012,3
0,BELTRAMI            ,27007,6.3,1.840549633397487,0.552472,-0.5933525256074713,4
0,BELTRAMI            ,27007,4.6,1.5260563034950492,0.552472,-0.5933525256074713,4
0,BELTRAMI            ,27007,5.7,1.7404661748405046,0.552472,-0.5933525256074713,4
1,BELTRAMI            ,27007,2.2,0.7884573603642703,0.552472,-0.5933525256074713,4
1,BELTRAMI            ,27007,0.4,-0.916290731874155,0.552472,-0.5933525256074713,4
1,BELTRAMI            ,27007,4.6,1.5260563034950492,0.552472,-0.5933525256074713,4
1,BELTRAMI            ,27007,4.4,1.4816045409242156,0.552472,-0.5933525256074713,4
0,BENTON              ,27009,6.6,1.8870696490323797,0.866849,-0.14289048115302844,5
0,BENTON              ,27009,2.7,0.9932517730102834,0.866849,-0.14289048115302844,5
1,BENTON              ,27009,2.9,1.0647107369924282,0.866849,-0.14289048115302844,5
0,BENTON              ,27009,2.9,1.0647107369924282,0.866849,-0.14289048115302844,5
0,BIG STONE           ,27011,7.2,1.9740810260220096,1.47264,0.38705670842480927,6
0,BIG STONE           ,27011,5.0,1.6094379124341003,1.47264,0.38705670842480927,6
0,BIG STONE           ,27011,2.6,0.9555114450274363,1.47264,0.38705670842480927,6
0,BLUE EARTH          ,27013,5.0,1.6094379124341003,1.31208,0.2716136642727164,7
0,BLUE EARTH          ,27013,13.0,2.5649493574615367,1.31208,0.2716136642727164,7
0,BLUE EARTH          ,27013,7.2,1.9740810260220096,1.31208,0.2716136642727164,7
0,BLUE EARTH          ,27013,6.8,1.916922612182061,1.31208,0.2716136642727164,7
0,BLUE EARTH          ,27013,12.8,2.5494451709255714,1.31208,0.2716136642727164,7
1,BLUE EARTH          ,27013,5.8,1.7578579175523736,1.31208,0.2716136642727164,7
0,BLUE EARTH          ,27013,9.5,2.2512917986064953,1.31208,0.2716136642727164,7
0,BLUE EARTH          ,27013,6.0,1.791759469228055,1.31208,0.2716136642727164,7
0,BLUE EARTH          ,27013,3.8,1.33500106673234,1.31208,0.2716136642727164,7
1,BLUE EARTH          ,27013,14.3,2.6602595372658615,1.31208,0.2716136642727164,7
0,BLUE EARTH          ,27013,1.8,0.5877866649021191,1.31208,0.2716136642727164,7
0,BLUE EARTH          ,27013,6.9,1.9315214116032138,1.31208,0.2716136642727164,7
0,BLUE EARTH          ,27013,4.7,1.547562508716013,1.31208,0.2716136642727164,7
0,BLUE EARTH          ,27013,9.5,2.2512917986064953,1.31208,0.2716136642727164,7
1,BROWN               ,27015,2.5,0.9162907318741551,1.31993,0.277578704889093,8
0,BROWN               ,27015,6.7,1.9021075263969205,1.31993,0.277578704889093,8
1,BROWN               ,27015,4.0,1.3862943611198906,1.31993,0.277578704889093,8
0,BROWN               ,27015,10.1,2.312535423847214,1.31993,0.277578704889093,8
0,CARLTON             ,27017,2.2,0.7884573603642703,0.717261,-0.3323154878841331,9
0,CARLTON             ,27017,1.8,0.5877866649021191,0.717261,-0.3323154878841331,9
0,CARLTON             ,27017,3.4,1.2237754316221157,0.717261,-0.3323154878841331,9
1,CARLTON             ,27017,5.6,1.7227665977411035,0.717261,-0.3323154878841331,9
0,CARLTON             ,27017,4.3,1.4586150226995167,0.717261,-0.3323154878841331,9
0,CARLTON             ,27017,3.9,1.3609765531356006,0.717261,-0.3323154878841331,9
0,CARLTON             ,27017,1.3,0.26236426446749106,0.717261,-0.3323154878841331,9
0,CARLTON             ,27017,4.2,1.4350845252893227,0.717261,-0.3323154878841331,9
0,CARLTON             ,27017,0.8,-0.2231435513142097,0.717261,-0.3323154878841331,9
0,CARLTON             ,27017,2.0,0.6931471805599453,0.717261,-0.3323154878841331,9
0,CARVER              ,27019,1.6,0.47000362924573563,1.10061,0.09586457155536092,10
0,CARVER              ,27019,12.9,2.5572273113676265,1.10061,0.09586457155536092,10
1,CARVER              ,27019,14.7,2.6878474937846906,1.10061,0.09586457155536092,10
1,CARVER              ,27019,4.7,1.547562508716013,1.10061,0.09586457155536092,10
0,CARVER              ,27019,9.6,2.2617630984737906,1.10061,0.09586457155536092,10
1,CARVER              ,27019,0.1,-2.3025850929940455,1.10061,0.09586457155536092,10
0,CASS                ,27021,3.7,1.308332819650179,0.544319,-0.6082198069309426,11
0,CASS                ,27021,7.4,2.0014800002101243,0.544319,-0.6082198069309426,11
0,CASS                ,27021,1.9,0.6418538861723947,0.544319,-0.6082198069309426,11
0,CASS                ,27021,5.3,1.667706820558076,0.544319,-0.6082198069309426,11
0,CASS                ,27021,4.0,1.3862943611198906,0.544319,-0.6082198069309426,11
0,CHIPPEWA            ,27023,7.7,2.0412203288596382,1.3148,0.27368456280792725,12
0,CHIPPEWA            ,27023,1.4,0.3364722366212129,1.3148,0.27368456280792725,12
0,CHIPPEWA            ,27023,10.0,2.302585092994046,1.3148,0.27368456280792725,12
0,CHIPPEWA            ,27023,9.4,2.2407096892759584,1.3148,0.27368456280792725,12
0,CHISAGO             ,27025,0.8,-0.2231435513142097,0.479352,-0.7353200871511567,13
0,CHISAGO             ,27025,4.4,1.4816045409242156,0.479352,-0.7353200871511567,13
0,CHISAGO             ,27025,5.0,1.6094379124341003,0.479352,-0.7353200871511567,13
0,CHISAGO             ,27025,2.1,0.7419373447293773,0.479352,-0.7353200871511567,13
0,CHISAGO             ,27025,1.7,0.5306282510621704,0.479352,-0.7353200871511567,13
0,CHISAGO             ,27025,8.1,2.0918640616783932,0.479352,-0.7353200871511567,13
1,CLAY                ,27027,0.9,-0.10536051565782628,1.41027,0.34378117542003134,14
0,CLAY                ,27027,12.9,2.5572273113676265,1.41027,0.34378117542003134,14
0,CLAY                ,27027,2.6,0.9555114450274363,1.41027,0.34378117542003134,14
1,CLAY                ,27027,3.5,1.252762968495368,1.41027,0.34378117542003134,14
0,CLAY                ,27027,26.6,3.2809112157876537,1.41027,0.34378117542003134,14
0,CLAY                ,27027,1.5,0.4054651081081644,1.41027,0.34378117542003134,14
0,CLAY                ,27027,13.0,2.5649493574615367,1.41027,0.34378117542003134,14
0,CLAY                ,27027,8.8,2.174751721484161,1.41027,0.34378117542003134,14
0,CLAY                ,27027,19.5,2.970414465569701,1.41027,0.34378117542003134,14
1,CLAY                ,27027,2.5,0.9162907318741551,1.41027,0.34378117542003134,14
0,CLAY                ,27027,9.0,2.1972245773362196,1.41027,0.34378117542003134,14
0,CLAY                ,27027,13.1,2.5726122302071057,1.41027,0.34378117542003134,14
0,CLAY                ,27027,3.6,1.2809338454620642,1.41027,0.34378117542003134,14
1,CLAY                ,27027,6.9,1.9315214116032138,1.41027,0.34378117542003134,14
1,CLEARWATER          ,27029,4.8,1.5686159179138452,0.941896,-0.05986041389770528,15
0,CLEARWATER          ,27029,3.4,1.2237754316221157,0.941896,-0.05986041389770528,15
1,CLEARWATER          ,27029,0.9,-0.10536051565782628,0.941896,-0.05986041389770528,15
0,CLEARWATER          ,27029,3.4,1.2237754316221157,0.941896,-0.05986041389770528,15
0,COOK                ,27031,2.7,0.9932517730102834,0.603508,-0.5049959825257828,16
0,COOK                ,27031,1.4,0.3364722366212129,0.603508,-0.5049959825257828,16
0,COTTONWOOD          ,27033,6.8,1.916922612182061,1.40433,0.33956032072044606,17
1,COTTONWOOD          ,27033,11.1,2.4069451083182885,1.40433,0.33956032072044606,17
1,COTTONWOOD          ,27033,0.1,-2.3025850929940455,1.40433,0.33956032072044606,17
1,COTTONWOOD          ,27033,2.5,0.9162907318741551,1.40433,0.33956032072044606,17
0,CROW WING           ,27035,1.8,0.5877866649021191,0.530789,-0.6333907001751405,18
0,CROW WING           ,27035,1.6,0.47000362924573563,0.530789,-0.6333907001751405,18
1,CROW WING           ,27035,1.0,0.0,0.530789,-0.6333907001751405,18
0,CROW WING           ,27035,0.9,-0.10536051565782628,0.530789,-0.6333907001751405,18
0,CROW WING           ,27035,2.9,1.0647107369924282,0.530789,-0.6333907001751405,18
0,CROW WING           ,27035,4.4,1.4816045409242156,0.530789,-0.6333907001751405,18
0,CROW WING           ,27035,1.5,0.4054651081081644,0.530789,-0.6333907001751405,18
0,CROW WING           ,27035,4.1,1.410986973710262,0.530789,-0.6333907001751405,18
1,CROW WING           ,27035,2.5,0.9162907318741551,0.530789,-0.6333907001751405,18
1,CROW WING           ,27035,6.7,1.9021075263969205,0.530789,-0.6333907001751405,18
0,CROW WING           ,27035,4.3,1.4586150226995167,0.530789,-0.6333907001751405,18
0,CROW WING           ,27035,5.5,1.7047480922384253,0.530789,-0.6333907001751405,18
0,DAKOTA              ,27037,3.6,1.2809338454620642,0.976144,-0.024145162468538463,19
0,DAKOTA              ,27037,2.8,1.0296194171811581,0.976144,-0.024145162468538463,19
0,DAKOTA              ,27037,14.6,2.681021528714291,0.976144,-0.024145162468538463,19
0,DAKOTA              ,27037,6.7,1.9021075263969205,0.976144,-0.024145162468538463,19
0,DAKOTA              ,27037,8.0,2.0794415416798357,0.976144,-0.024145162468538463,19
0,DAKOTA              ,27037,2.6,0.9555114450274363,0.976144,-0.024145162468538463,19
1,DAKOTA              ,27037,2.8,1.0296194171811581,0.976144,-0.024145162468538463,19
0,DAKOTA              ,27037,4.4,1.4816045409242156,0.976144,-0.024145162468538463,19
1,DAKOTA              ,27037,1.7,0.5306282510621704,0.976144,-0.024145162468538463,19
0,DAKOTA              ,27037,2.0,0.6931471805599453,0.976144,-0.024145162468538463,19
0,DAKOTA              ,27037,2.0,0.6931471805599453,0.976144,-0.024145162468538463,19
0,DAKOTA              ,27037,1.5,0.4054651081081644,0.976144,-0.024145162468538463,19
0,DAKOTA              ,27037,9.6,2.2617630984737906,0.976144,-0.024145162468538463,19
0,DAKOTA              ,27037,8.1,2.0918640616783932,0.976144,-0.024145162468538463,19
0,DAKOTA              ,27037,3.5,1.252762968495368,0.976144,-0.024145162468538463,19
1,DAKOTA              ,27037,0.8,-0.2231435513142097,0.976144,-0.024145162468538463,19
0,DAKOTA              ,27037,5.1,1.62924053973028,0.976144,-0.024145162468538463,19
0,DAKOTA              ,27037,3.2,1.1631508098056809,0.976144,-0.024145162468538463,19
0,DAKOTA              ,27037,10.8,2.379546134130174,0.976144,-0.024145162468538463,19
0,DAKOTA              ,27037,8.2,2.1041341542702074,0.976144,-0.024145162468538463,19
0,DAKOTA              ,27037,6.3,1.840549633397487,0.976144,-0.024145162468538463,19
0,DAKOTA              ,27037,4.8,1.5686159179138452,0.976144,-0.024145162468538463,19
0,DAKOTA              ,27037,6.0,1.791759469228055,0.976144,-0.024145162468538463,19
0,DAKOTA              ,27037,1.1,0.09531017980432493,0.976144,-0.024145162468538463,19
0,DAKOTA              ,27037,8.7,2.163323025660538,0.976144,-0.024145162468538463,19
0,DAKOTA              ,27037,8.8,2.174751721484161,0.976144,-0.024145162468538463,19
0,DAKOTA              ,27037,6.8,1.916922612182061,0.976144,-0.024145162468538463,19
0,DAKOTA              ,27037,2.3,0.8329091229351039,0.976144,-0.024145162468538463,19
0,DAKOTA              ,27037,1.6,0.47000362924573563,0.976144,-0.024145162468538463,19
0,DAKOTA              ,27037,2.8,1.0296194171811581,0.976144,-0.024145162468538463,19
0,DAKOTA              ,27037,6.5,1.8718021769015913,0.976144,-0.024145162468538463,19
0,DAKOTA              ,27037,1.7,0.5306282510621704,0.976144,-0.024145162468538463,19
0,DAKOTA              ,27037,4.6,1.5260563034950492,0.976144,-0.024145162468538463,19
0,DAKOTA              ,27037,3.3,1.1939224684724346,0.976144,-0.024145162468538463,19
0,DAKOTA              ,27037,4.4,1.4816045409242156,0.976144,-0.024145162468538463,19
0,DAKOTA              ,27037,21.2,3.054001181677967,0.976144,-0.024145162468538463,19
0,DAKOTA              ,27037,9.1,2.2082744135228043,0.976144,-0.024145162468538463,19
0,DAKOTA              ,27037,0.9,-0.10536051565782628,0.976144,-0.024145162468538463,19
0,DAKOTA              ,27037,4.9,1.589235205116581,0.976144,-0.024145162468538463,19
0,DAKOTA              ,27037,5.0,1.6094379124341003,0.976144,-0.024145162468538463,19
0,DAKOTA              ,27037,1.1,0.09531017980432493,0.976144,-0.024145162468538463,19
0,DAKOTA              ,27037,7.6,2.028148247292285,0.976144,-0.024145162468538463,19
0,DAKOTA              ,27037,5.4,1.6863989535702288,0.976144,-0.024145162468538463,19
0,DAKOTA              ,27037,3.6,1.2809338454620642,0.976144,-0.024145162468538463,19
0,DAKOTA              ,27037,4.9,1.589235205116581,0.976144,-0.024145162468538463,19
0,DAKOTA              ,27037,4.7,1.547562508716013,0.976144,-0.024145162468538463,19
0,DAKOTA              ,27037,1.4,0.3364722366212129,0.976144,-0.024145162468538463,19
0,DAKOTA              ,27037,3.4,1.2237754316221157,0.976144,-0.024145162468538463,19
0,DAKOTA              ,27037,4.2,1.4350845252893227,0.976144,-0.024145162468538463,19
0,DAKOTA              ,27037,2.5,0.9162907318741551,0.976144,-0.024145162468538463,19
0,DAKOTA              ,27037,1.4,0.3364722366212129,0.976144,-0.024145162468538463,19
0,DAKOTA              ,27037,1.4,0.3364722366212129,0.976144,-0.024145162468538463,19
0,DAKOTA              ,27037,1.9,0.6418538861723947,0.976144,-0.024145162468538463,19
0,DAKOTA              ,27037,4.8,1.5686159179138452,0.976144,-0.024145162468538463,19
1,DAKOTA              ,27037,1.4,0.3364722366212129,0.976144,-0.024145162468538463,19
0,DAKOTA              ,27037,3.8,1.33500106673234,0.976144,-0.024145162468538463,19
0,DAKOTA              ,27037,8.8,2.174751721484161,0.976144,-0.024145162468538463,19
0,DAKOTA              ,27037,4.3,1.4586150226995167,0.976144,-0.024145162468538463,19
0,DAKOTA              ,27037,4.4,1.4816045409242156,0.976144,-0.024145162468538463,19
0,DAKOTA              ,27037,4.5,1.5040773967762742,0.976144,-0.024145162468538463,19
0,DAKOTA              ,27037,2.2,0.7884573603642703,0.976144,-0.024145162468538463,19
0,DAKOTA              ,27037,0.5,-0.6931471805599453,0.976144,-0.024145162468538463,19
0,DAKOTA              ,27037,5.8,1.7578579175523736,0.976144,-0.024145162468538463,19
0,DODGE               ,27039,5.4,1.6863989535702288,1.30194,0.26385545977521707,20
0,DODGE               ,27039,7.2,1.9740810260220096,1.30194,0.26385545977521707,20
0,DODGE               ,27039,5.7,1.7404661748405046,1.30194,0.26385545977521707,20
0,DOUGLAS             ,27041,7.4,2.0014800002101243,1.16849,0.15571231697983925,21
0,DOUGLAS             ,27041,4.8,1.5686159179138452,1.16849,0.15571231697983925,21
0,DOUGLAS             ,27041,6.8,1.916922612182061,1.16849,0.15571231697983925,21
0,DOUGLAS             ,27041,6.4,1.8562979903656263,1.16849,0.15571231697983925,21
1,DOUGLAS             ,27041,3.7,1.308332819650179,1.16849,0.15571231697983925,21
0,DOUGLAS             ,27041,5.5,1.7047480922384253,1.16849,0.15571231697983925,21
0,DOUGLAS             ,27041,7.8,2.0541237336955462,1.16849,0.15571231697983925,21
0,DOUGLAS             ,27041,4.4,1.4816045409242156,1.16849,0.15571231697983925,21
0,DOUGLAS             ,27041,2.7,0.9932517730102834,1.16849,0.15571231697983925,21
0,FARIBAULT           ,27043,3.4,1.2237754316221157,1.34316,0.2950250467070394,22
0,FARIBAULT           ,27043,4.2,1.4350845252893227,1.34316,0.2950250467070394,22
0,FARIBAULT           ,27043,2.3,0.8329091229351039,1.34316,0.2950250467070394,22
1,FARIBAULT           ,27043,1.3,0.26236426446749106,1.34316,0.2950250467070394,22
0,FARIBAULT           ,27043,5.2,1.6486586255873816,1.34316,0.2950250467070394,22
0,FARIBAULT           ,27043,0.1,-2.3025850929940455,1.34316,0.2950250467070394,22
1,FILLMORE            ,27045,2.5,0.9162907318741551,1.51424,0.41491366292777554,23
0,FILLMORE            ,27045,3.2,1.1631508098056809,1.51424,0.41491366292777554,23
0,FREEBORN            ,27047,3.2,1.1631508098056809,1.25133,0.22420698566740638,24
0,FREEBORN            ,27047,9.6,2.2617630984737906,1.25133,0.22420698566740638,24
0,FREEBORN            ,27047,4.2,1.4350845252893227,1.25133,0.22420698566740638,24
0,FREEBORN            ,27047,9.0,2.1972245773362196,1.25133,0.22420698566740638,24
0,FREEBORN            ,27047,6.3,1.840549633397487,1.25133,0.22420698566740638,24
0,FREEBORN            ,27047,32.6,3.484312288372662,1.25133,0.22420698566740638,24
0,FREEBORN            ,27047,13.2,2.580216829592325,1.25133,0.22420698566740638,24
1,FREEBORN            ,27047,2.2,0.7884573603642703,1.25133,0.22420698566740638,24
1,FREEBORN            ,27047,5.6,1.7227665977411035,1.25133,0.22420698566740638,24
0,GOODHUE             ,27049,14.3,2.6602595372658615,1.21727,0.19661064642423215,25
1,GOODHUE             ,27049,6.9,1.9315214116032138,1.21727,0.19661064642423215,25
0,GOODHUE             ,27049,7.6,2.028148247292285,1.21727,0.19661064642423215,25
1,GOODHUE             ,27049,9.8,2.2823823856765264,1.21727,0.19661064642423215,25
0,GOODHUE             ,27049,2.6,0.9555114450274363,1.21727,0.19661064642423215,25
0,GOODHUE             ,27049,43.5,3.7727609380946383,1.21727,0.19661064642423215,25
0,GOODHUE             ,27049,4.9,1.589235205116581,1.21727,0.19661064642423215,25
0,GOODHUE             ,27049,4.9,1.589235205116581,1.21727,0.19661064642423215,25
0,GOODHUE             ,27049,3.5,1.252762968495368,1.21727,0.19661064642423215,25
0,GOODHUE             ,27049,4.8,1.5686159179138452,1.21727,0.19661064642423215,25
0,GOODHUE             ,27049,5.6,1.7227665977411035,1.21727,0.19661064642423215,25
0,GOODHUE             ,27049,3.5,1.252762968495368,1.21727,0.19661064642423215,25
0,GOODHUE             ,27049,3.9,1.3609765531356006,1.21727,0.19661064642423215,25
0,GOODHUE             ,27049,6.7,1.9021075263969205,1.21727,0.19661064642423215,25
0,HENNEPIN            ,27053,7.9,2.066862759472976,0.907991,-0.09652081232424005,26
0,HENNEPIN            ,27053,3.3,1.1939224684724346,0.907991,-0.09652081232424005,26
1,HENNEPIN            ,27053,2.1,0.7419373447293773,0.907991,-0.09652081232424005,26
0,HENNEPIN            ,27053,1.6,0.47000362924573563,0.907991,-0.09652081232424005,26
0,HENNEPIN            ,27053,4.0,1.3862943611198906,0.907991,-0.09652081232424005,26
0,HENNEPIN            ,27053,1.8,0.5877866649021191,0.907991,-0.09652081232424005,26
0,HENNEPIN            ,27053,2.5,0.9162907318741551,0.907991,-0.09652081232424005,26
0,HENNEPIN            ,27053,11.2,2.4159137783010487,0.907991,-0.09652081232424005,26
0,HENNEPIN            ,27053,2.6,0.9555114450274363,0.907991,-0.09652081232424005,26
0,HENNEPIN            ,27053,3.9,1.3609765531356006,0.907991,-0.09652081232424005,26
0,HENNEPIN            ,27053,7.4,2.0014800002101243,0.907991,-0.09652081232424005,26
0,HENNEPIN            ,27053,1.3,0.26236426446749106,0.907991,-0.09652081232424005,26
0,HENNEPIN            ,27053,0.9,-0.10536051565782628,0.907991,-0.09652081232424005,26
0,HENNEPIN            ,27053,0.4,-0.916290731874155,0.907991,-0.09652081232424005,26
1,HENNEPIN            ,27053,2.5,0.9162907318741551,0.907991,-0.09652081232424005,26
0,HENNEPIN            ,27053,6.0,1.791759469228055,0.907991,-0.09652081232424005,26
0,HENNEPIN            ,27053,2.0,0.6931471805599453,0.907991,-0.09652081232424005,26
0,HENNEPIN            ,27053,5.4,1.6863989535702288,0.907991,-0.09652081232424005,26
0,HENNEPIN            ,27053,3.0,1.0986122886681098,0.907991,-0.09652081232424005,26
0,HENNEPIN            ,27053,2.9,1.0647107369924282,0.907991,-0.09652081232424005,26
0,HENNEPIN            ,27053,5.5,1.7047480922384253,0.907991,-0.09652081232424005,26
0,HENNEPIN            ,27053,4.1,1.410986973710262,0.907991,-0.09652081232424005,26
0,HENNEPIN            ,27053,3.9,1.3609765531356006,0.907991,-0.09652081232424005,26
0,HENNEPIN            ,27053,14.9,2.7013612129514133,0.907991,-0.09652081232424005,26
0,HENNEPIN            ,27053,7.2,1.9740810260220096,0.907991,-0.09652081232424005,26
0,HENNEPIN            ,27053,2.3,0.8329091229351039,0.907991,-0.09652081232424005,26
1,HENNEPIN            ,27053,2.8,1.0296194171811581,0.907991,-0.09652081232424005,26
0,HENNEPIN            ,27053,4.4,1.4816045409242156,0.907991,-0.09652081232424005,26
0,HENNEPIN            ,27053,1.5,0.4054651081081644,0.907991,-0.09652081232424005,26
0,HENNEPIN            ,27053,8.6,2.151762203259462,0.907991,-0.09652081232424005,26
0,HENNEPIN            ,27053,5.6,1.7227665977411035,0.907991,-0.09652081232424005,26
0,HENNEPIN            ,27053,8.6,2.151762203259462,0.907991,-0.09652081232424005,26
0,HENNEPIN            ,27053,3.8,1.33500106673234,0.907991,-0.09652081232424005,26
0,HENNEPIN            ,27053,1.8,0.5877866649021191,0.907991,-0.09652081232424005,26
0,HENNEPIN            ,27053,1.9,0.6418538861723947,0.907991,-0.09652081232424005,26
0,HENNEPIN            ,27053,5.5,1.7047480922384253,0.907991,-0.09652081232424005,26
0,HENNEPIN            ,27053,2.5,0.9162907318741551,0.907991,-0.09652081232424005,26
1,HENNEPIN            ,27053,0.8,-0.2231435513142097,0.907991,-0.09652081232424005,26
0,HENNEPIN            ,27053,2.1,0.7419373447293773,0.907991,-0.09652081232424005,26
0,HENNEPIN            ,27053,2.8,1.0296194171811581,0.907991,-0.09652081232424005,26
0,HENNEPIN            ,27053,3.9,1.3609765531356006,0.907991,-0.09652081232424005,26
0,HENNEPIN            ,27053,4.3,1.4586150226995167,0.907991,-0.09652081232424005,26
0,HENNEPIN            ,27053,4.7,1.547562508716013,0.907991,-0.09652081232424005,26
0,HENNEPIN            ,27053,2.8,1.0296194171811581,0.907991,-0.09652081232424005,26
0,HENNEPIN            ,27053,4.1,1.410986973710262,0.907991,-0.09652081232424005,26
0,HENNEPIN            ,27053,1.6,0.47000362924573563,0.907991,-0.09652081232424005,26
0,HENNEPIN            ,27053,4.3,1.4586150226995167,0.907991,-0.09652081232424005,26
1,HENNEPIN            ,27053,0.7,-0.35667494393873245,0.907991,-0.09652081232424005,26
0,HENNEPIN            ,27053,5.5,1.7047480922384253,0.907991,-0.09652081232424005,26
1,HENNEPIN            ,27053,3.3,1.1939224684724346,0.907991,-0.09652081232424005,26
0,HENNEPIN            ,27053,5.5,1.7047480922384253,0.907991,-0.09652081232424005,26
0,HENNEPIN            ,27053,2.5,0.9162907318741551,0.907991,-0.09652081232424005,26
0,HENNEPIN            ,27053,2.7,0.9932517730102834,0.907991,-0.09652081232424005,26
0,HENNEPIN            ,27053,8.4,2.128231705849268,0.907991,-0.09652081232424005,26
0,HENNEPIN            ,27053,3.3,1.1939224684724346,0.907991,-0.09652081232424005,26
0,HENNEPIN            ,27053,3.2,1.1631508098056809,0.907991,-0.09652081232424005,26
0,HENNEPIN            ,27053,8.6,2.151762203259462,0.907991,-0.09652081232424005,26
0,HENNEPIN            ,27053,1.7,0.5306282510621704,0.907991,-0.09652081232424005,26
0,HENNEPIN            ,27053,5.7,1.7404661748405046,0.907991,-0.09652081232424005,26
0,HENNEPIN            ,27053,13.0,2.5649493574615367,0.907991,-0.09652081232424005,26
0,HENNEPIN            ,27053,2.7,0.9932517730102834,0.907991,-0.09652081232424005,26
0,HENNEPIN            ,27053,4.7,1.547562508716013,0.907991,-0.09652081232424005,26
0,HENNEPIN            ,27053,5.6,1.7227665977411035,0.907991,-0.09652081232424005,26
0,HENNEPIN            ,27053,13.8,2.624668592163159,0.907991,-0.09652081232424005,26
1,HENNEPIN            ,27053,7.6,2.028148247292285,0.907991,-0.09652081232424005,26
0,HENNEPIN            ,27053,5.7,1.7404661748405046,0.907991,-0.09652081232424005,26
0,HENNEPIN            ,27053,4.6,1.5260563034950492,0.907991,-0.09652081232424005,26
0,HENNEPIN            ,27053,7.6,2.028148247292285,0.907991,-0.09652081232424005,26
0,HENNEPIN            ,27053,2.6,0.9555114450274363,0.907991,-0.09652081232424005,26
0,HENNEPIN            ,27053,4.5,1.5040773967762742,0.907991,-0.09652081232424005,26
0,HENNEPIN            ,27053,5.9,1.7749523509116738,0.907991,-0.09652081232424005,26
0,HENNEPIN            ,27053,2.2,0.7884573603642703,0.907991,-0.09652081232424005,26
0,HENNEPIN            ,27053,2.4,0.8754687373538999,0.907991,-0.09652081232424005,26
0,HENNEPIN            ,27053,4.0,1.3862943611198906,0.907991,-0.09652081232424005,26
0,HENNEPIN            ,27053,4.6,1.5260563034950492,0.907991,-0.09652081232424005,26
0,HENNEPIN            ,27053,4.6,1.5260563034950492,0.907991,-0.09652081232424005,26
0,HENNEPIN            ,27053,10.9,2.388762789235098,0.907991,-0.09652081232424005,26
0,HENNEPIN            ,27053,7.6,2.028148247292285,0.907991,-0.09652081232424005,26
0,HENNEPIN            ,27053,3.0,1.0986122886681098,0.907991,-0.09652081232424005,26
0,HENNEPIN            ,27053,1.5,0.4054651081081644,0.907991,-0.09652081232424005,26
1,HENNEPIN            ,27053,1.6,0.47000362924573563,0.907991,-0.09652081232424005,26
0,HENNEPIN            ,27053,16.5,2.803360380906535,0.907991,-0.09652081232424005,26
0,HENNEPIN            ,27053,3.1,1.1314021114911006,0.907991,-0.09652081232424005,26
0,HENNEPIN            ,27053,5.1,1.62924053973028,0.907991,-0.09652081232424005,26
0,HENNEPIN            ,27053,4.9,1.589235205116581,0.907991,-0.09652081232424005,26
0,HENNEPIN            ,27053,6.0,1.791759469228055,0.907991,-0.09652081232424005,26
1,HENNEPIN            ,27053,0.9,-0.10536051565782628,0.907991,-0.09652081232424005,26
0,HENNEPIN            ,27053,1.8,0.5877866649021191,0.907991,-0.09652081232424005,26
0,HENNEPIN            ,27053,3.9,1.3609765531356006,0.907991,-0.09652081232424005,26
0,HENNEPIN            ,27053,5.6,1.7227665977411035,0.907991,-0.09652081232424005,26
1,HENNEPIN            ,27053,0.4,-0.916290731874155,0.907991,-0.09652081232424005,26
0,HENNEPIN            ,27053,2.6,0.9555114450274363,0.907991,-0.09652081232424005,26
0,HENNEPIN            ,27053,3.6,1.2809338454620642,0.907991,-0.09652081232424005,26
0,HENNEPIN            ,27053,6.2,1.824549292051046,0.907991,-0.09652081232424005,26
0,HENNEPIN            ,27053,23.6,3.1612467120315646,0.907991,-0.09652081232424005,26
0,HENNEPIN            ,27053,3.9,1.3609765531356006,0.907991,-0.09652081232424005,26
0,HENNEPIN            ,27053,2.9,1.0647107369924282,0.907991,-0.09652081232424005,26
0,HENNEPIN            ,27053,3.0,1.0986122886681098,0.907991,-0.09652081232424005,26
0,HENNEPIN            ,27053,4.7,1.547562508716013,0.907991,-0.09652081232424005,26
0,HENNEPIN            ,27053,3.0,1.0986122886681098,0.907991,-0.09652081232424005,26
0,HENNEPIN            ,27053,4.2,1.4350845252893227,0.907991,-0.09652081232424005,26
0,HENNEPIN            ,27053,3.8,1.33500106673234,0.907991,-0.09652081232424005,26
0,HENNEPIN            ,27053,3.0,1.0986122886681098,0.907991,-0.09652081232424005,26
0,HENNEPIN            ,27053,4.3,1.4586150226995167,0.907991,-0.09652081232424005,26
1,HENNEPIN            ,27053,2.9,1.0647107369924282,0.907991,-0.09652081232424005,26
0,HOUSTON             ,27055,3.4,1.2237754316221157,1.65455,0.5035290685333527,27
0,HOUSTON             ,27055,8.5,2.1400661634962708,1.65455,0.5035290685333527,27
0,HOUSTON             ,27055,9.0,2.1972245773362196,1.65455,0.5035290685333527,27
1,HOUSTON             ,27055,4.8,1.5686159179138452,1.65455,0.5035290685333527,27
0,HOUSTON             ,27055,3.6,1.2809338454620642,1.65455,0.5035290685333527,27
1,HOUSTON             ,27055,2.2,0.7884573603642703,1.65455,0.5035290685333527,27
1,HUBBARD             ,27057,2.8,1.0296194171811581,0.66992,-0.4005969767113039,28
1,HUBBARD             ,27057,0.8,-0.2231435513142097,0.66992,-0.4005969767113039,28
0,HUBBARD             ,27057,1.5,0.4054651081081644,0.66992,-0.4005969767113039,28
0,HUBBARD             ,27057,4.6,1.5260563034950492,0.66992,-0.4005969767113039,28
1,HUBBARD             ,27057,3.7,1.308332819650179,0.66992,-0.4005969767113039,28
0,ISANTI              ,27059,3.6,1.2809338454620642,0.471483,-0.7518722327017873,29
0,ISANTI              ,27059,3.0,1.0986122886681098,0.471483,-0.7518722327017873,29
0,ISANTI              ,27059,2.2,0.7884573603642703,0.471483,-0.7518722327017873,29
0,ITASCA              ,27061,1.9,0.6418538861723947,0.515124,-0.6633476306014291,30
0,ITASCA              ,27061,2.6,0.9555114450274363,0.515124,-0.6633476306014291,30
0,ITASCA              ,27061,1.8,0.5877866649021191,0.515124,-0.6633476306014291,30
0,ITASCA              ,27061,2.4,0.8754687373538999,0.515124,-0.6633476306014291,30
0,ITASCA              ,27061,4.3,1.4586150226995167,0.515124,-0.6633476306014291,30
0,ITASCA              ,27061,2.6,0.9555114450274363,0.515124,-0.6633476306014291,30
0,ITASCA              ,27061,1.1,0.09531017980432493,0.515124,-0.6633476306014291,30
0,ITASCA              ,27061,3.3,1.1939224684724346,0.515124,-0.6633476306014291,30
0,ITASCA              ,27061,2.5,0.9162907318741551,0.515124,-0.6633476306014291,30
0,ITASCA              ,27061,9.4,2.2407096892759584,0.515124,-0.6633476306014291,30
0,ITASCA              ,27061,1.3,0.26236426446749106,0.515124,-0.6633476306014291,30
0,JACKSON             ,27063,8.4,2.128231705849268,1.36209,0.30902028483933436,31
0,JACKSON             ,27063,5.0,1.6094379124341003,1.36209,0.30902028483933436,31
0,JACKSON             ,27063,2.9,1.0647107369924282,1.36209,0.30902028483933436,31
0,JACKSON             ,27063,13.1,2.5726122302071057,1.36209,0.30902028483933436,31
0,JACKSON             ,27063,15.3,2.72785282839839,1.36209,0.30902028483933436,31
0,KANABEC             ,27065,1.8,0.5877866649021191,0.948014,-0.053386008903670616,32
0,KANABEC             ,27065,3.8,1.33500106673234,0.948014,-0.053386008903670616,32
0,KANABEC             ,27065,7.9,2.066862759472976,0.948014,-0.053386008903670616,32
0,KANABEC             ,27065,2.6,0.9555114450274363,0.948014,-0.053386008903670616,32
0,KANDIYOHI           ,27067,11.3,2.424802725718295,1.11598,0.1097329426515801,33
0,KANDIYOHI           ,27067,4.1,1.410986973710262,1.11598,0.1097329426515801,33
0,KANDIYOHI           ,27067,12.3,2.509599262378372,1.11598,0.1097329426515801,33
0,KANDIYOHI           ,27067,6.7,1.9021075263969205,1.11598,0.1097329426515801,33
0,KITTSON             ,27069,6.9,1.9315214116032138,0.992227,-0.007803367229841645,34
1,KITTSON             ,27069,4.5,1.5040773967762742,0.992227,-0.007803367229841645,34
1,KITTSON             ,27069,0.9,-0.10536051565782628,0.992227,-0.007803367229841645,34
0,KOOCHICHING         ,27071,1.7,0.5306282510621704,0.414025,-0.8818289205065825,35
0,KOOCHICHING         ,27071,1.4,0.3364722366212129,0.414025,-0.8818289205065825,35
1,KOOCHICHING         ,27071,2.0,0.6931471805599453,0.414025,-0.8818289205065825,35
1,KOOCHICHING         ,27071,1.0,0.0,0.414025,-0.8818289205065825,35
0,KOOCHICHING         ,27071,1.0,0.0,0.414025,-0.8818289205065825,35
1,KOOCHICHING         ,27071,2.8,1.0296194171811581,0.414025,-0.8818289205065825,35
1,KOOCHICHING         ,27071,1.3,0.26236426446749106,0.414025,-0.8818289205065825,35
1,LAC QUI PARLE       ,27073,11.3,2.424802725718295,1.36483,0.31102987875636656,36
0,LAC QUI PARLE       ,27073,16.0,2.772588722239781,1.36483,0.31102987875636656,36
1,LAKE                ,27075,1.3,0.26236426446749106,0.500776,-0.6915963836672911,37
0,LAKE                ,27075,1.3,0.26236426446749106,0.500776,-0.6915963836672911,37
0,LAKE                ,27075,1.6,0.47000362924573563,0.500776,-0.6915963836672911,37
0,LAKE                ,27075,0.9,-0.10536051565782628,0.500776,-0.6915963836672911,37
0,LAKE                ,27075,2.8,1.0296194171811581,0.500776,-0.6915963836672911,37
0,LAKE                ,27075,0.5,-0.6931471805599453,0.500776,-0.6915963836672911,37
0,LAKE                ,27075,1.5,0.4054651081081644,0.500776,-0.6915963836672911,37
0,LAKE                ,27075,7.1,1.9600947840472698,0.500776,-0.6915963836672911,37
0,LAKE                ,27075,0.5,-0.6931471805599453,0.500776,-0.6915963836672911,37
0,LAKE OF THE WOODS   ,27077,10.1,2.312535423847214,0.505752,-0.6817088484191157,38
1,LAKE OF THE WOODS   ,27077,4.3,1.4586150226995167,0.505752,-0.6817088484191157,38
0,LAKE OF THE WOODS   ,27077,3.3,1.1939224684724346,0.505752,-0.6817088484191157,38
1,LAKE OF THE WOODS   ,27077,2.9,1.0647107369924282,0.505752,-0.6817088484191157,38
0,LE SUEUR            ,27079,12.5,2.5257286443082556,1.21464,0.19444773659179515,39
1,LE SUEUR            ,27079,4.2,1.4350845252893227,1.21464,0.19444773659179515,39
0,LE SUEUR            ,27079,4.5,1.5040773967762742,1.21464,0.19444773659179515,39
0,LE SUEUR            ,27079,3.9,1.3609765531356006,1.21464,0.19444773659179515,39
0,LE SUEUR            ,27079,3.3,1.1939224684724346,1.21464,0.19444773659179515,39
0,LINCOLN             ,27081,17.5,2.8622008809294686,1.56034,0.444903746232023,40
0,LINCOLN             ,27081,10.6,2.3608540011180215,1.56034,0.444903746232023,40
0,LINCOLN             ,27081,7.9,2.066862759472976,1.56034,0.444903746232023,40
1,LINCOLN             ,27081,3.5,1.252762968495368,1.56034,0.444903746232023,40
0,LYON                ,27083,6.5,1.8718021769015913,1.48399,0.39473440617801014,41
1,LYON                ,27083,6.9,1.9315214116032138,1.48399,0.39473440617801014,41
0,LYON                ,27083,5.1,1.62924053973028,1.48399,0.39473440617801014,41
0,LYON                ,27083,12.0,2.4849066497880004,1.48399,0.39473440617801014,41
0,LYON                ,27083,5.1,1.62924053973028,1.48399,0.39473440617801014,41
0,LYON                ,27083,8.9,2.186051276738094,1.48399,0.39473440617801014,41
0,LYON                ,27083,5.8,1.7578579175523736,1.48399,0.39473440617801014,41
0,LYON                ,27083,4.6,1.5260563034950492,1.48399,0.39473440617801014,41
0,MAHNOMEN            ,27087,3.9,1.3609765531356006,1.16137,0.14960034272844025,42
1,MARSHALL            ,27089,1.5,0.4054651081081644,1.01386,0.013764828575713341,43
0,MARSHALL            ,27089,23.8,3.169685580677429,1.01386,0.013764828575713341,43
1,MARSHALL            ,27089,0.9,-0.10536051565782628,1.01386,0.013764828575713341,43
1,MARSHALL            ,27089,1.4,0.3364722366212129,1.01386,0.013764828575713341,43
1,MARSHALL            ,27089,1.1,0.09531017980432493,1.01386,0.013764828575713341,43
0,MARSHALL            ,27089,2.8,1.0296194171811581,1.01386,0.013764828575713341,43
0,MARSHALL            ,27089,48.2,3.8753590210565547,1.01386,0.013764828575713341,43
1,MARSHALL            ,27089,0.9,-0.10536051565782628,1.01386,0.013764828575713341,43
0,MARSHALL            ,27089,8.3,2.1162555148025524,1.01386,0.013764828575713341,43
0,MARTIN              ,27091,4.1,1.410986973710262,1.18041,0.16586183575526953,44
1,MARTIN              ,27091,0.5,-0.6931471805599453,1.18041,0.16586183575526953,44
0,MARTIN              ,27091,6.7,1.9021075263969205,1.18041,0.16586183575526953,44
0,MARTIN              ,27091,7.5,2.0149030205422647,1.18041,0.16586183575526953,44
0,MARTIN              ,27091,9.2,2.2192034840549946,1.18041,0.16586183575526953,44
0,MARTIN              ,27091,0.5,-0.6931471805599453,1.18041,0.16586183575526953,44
0,MARTIN              ,27091,1.5,0.4054651081081644,1.18041,0.16586183575526953,44
0,MCLEOD              ,27085,10.3,2.33214389523559,1.15076,0.1404225936622486,45
0,MCLEOD              ,27085,3.9,1.3609765531356006,1.15076,0.1404225936622486,45
0,MCLEOD              ,27085,1.8,0.5877866649021191,1.15076,0.1404225936622486,45
0,MCLEOD              ,27085,9.9,2.2925347571405443,1.15076,0.1404225936622486,45
0,MCLEOD              ,27085,2.3,0.8329091229351039,1.15076,0.1404225936622486,45
0,MCLEOD              ,27085,4.4,1.4816045409242156,1.15076,0.1404225936622486,45
0,MCLEOD              ,27085,2.8,1.0296194171811581,1.15076,0.1404225936622486,45
1,MCLEOD              ,27085,1.1,0.09531017980432493,1.15076,0.1404225936622486,45
0,MCLEOD              ,27085,1.2,0.1823215567939546,1.15076,0.1404225936622486,45
1,MCLEOD              ,27085,1.6,0.47000362924573563,1.15076,0.1404225936622486,45
1,MCLEOD              ,27085,25.4,3.2347491740244907,1.15076,0.1404225936622486,45
1,MCLEOD              ,27085,0.1,-2.3025850929940455,1.15076,0.1404225936622486,45
0,MCLEOD              ,27085,10.6,2.3608540011180215,1.15076,0.1404225936622486,45
0,MEEKER              ,27093,2.3,0.8329091229351039,1.02424,0.023950874155786547,46
0,MEEKER              ,27093,3.9,1.3609765531356006,1.02424,0.023950874155786547,46
0,MEEKER              ,27093,7.2,1.9740810260220096,1.02424,0.023950874155786547,46
0,MEEKER              ,27093,2.1,0.7419373447293773,1.02424,0.023950874155786547,46
0,MEEKER              ,27093,3.2,1.1631508098056809,1.02424,0.023950874155786547,46
1,MILLE LACS          ,27095,0.5,-0.6931471805599453,0.810536,-0.21005952176628628,47
0,MILLE LACS          ,27095,5.7,1.7404661748405046,0.810536,-0.21005952176628628,47
0,MORRISON            ,27097,1.4,0.3364722366212129,0.910987,-0.09322665185692748,48
0,MORRISON            ,27097,2.1,0.7419373447293773,0.910987,-0.09322665185692748,48
0,MORRISON            ,27097,4.4,1.4816045409242156,0.910987,-0.09322665185692748,48
0,MORRISON            ,27097,2.4,0.8754687373538999,0.910987,-0.09322665185692748,48
0,MORRISON            ,27097,4.9,1.589235205116581,0.910987,-0.09322665185692748,48
1,MORRISON            ,27097,3.0,1.0986122886681098,0.910987,-0.09322665185692748,48
0,MORRISON            ,27097,3.0,1.0986122886681098,0.910987,-0.09322665185692748,48
0,MORRISON            ,27097,2.8,1.0296194171811581,0.910987,-0.09322665185692748,48
0,MORRISON            ,27097,3.9,1.3609765531356006,0.910987,-0.09322665185692748,48
0,MOWER               ,27099,10.9,2.388762789235098,1.29814,0.26093247070906767,49
0,MOWER               ,27099,6.4,1.8562979903656263,1.29814,0.26093247070906767,49
0,MOWER               ,27099,2.0,0.6931471805599453,1.29814,0.26093247070906767,49
0,MOWER               ,27099,3.0,1.0986122886681098,1.29814,0.26093247070906767,49
0,MOWER               ,27099,4.5,1.5040773967762742,1.29814,0.26093247070906767,49
0,MOWER               ,27099,2.1,0.7419373447293773,1.29814,0.26093247070906767,49
0,MOWER               ,27099,8.0,2.0794415416798357,1.29814,0.26093247070906767,49
1,MOWER               ,27099,1.3,0.26236426446749106,1.29814,0.26093247070906767,49
0,MOWER               ,27099,9.2,2.2192034840549946,1.29814,0.26093247070906767,49
1,MOWER               ,27099,1.1,0.09531017980432493,1.29814,0.26093247070906767,49
0,MOWER               ,27099,10.6,2.3608540011180215,1.29814,0.26093247070906767,49
0,MOWER               ,27099,24.0,3.1780538303479458,1.29814,0.26093247070906767,49
0,MOWER               ,27099,9.1,2.2082744135228043,1.29814,0.26093247070906767,49
0,MURRAY              ,27101,12.1,2.4932054526026954,1.49011,0.39884994273575514,50
0,NICOLLET            ,27103,8.1,2.0918640616783932,1.28152,0.24804687341109097,51
0,NICOLLET            ,27103,10.8,2.379546134130174,1.28152,0.24804687341109097,51
0,NICOLLET            ,27103,4.2,1.4350845252893227,1.28152,0.24804687341109097,51
0,NICOLLET            ,27103,15.7,2.7536607123542622,1.28152,0.24804687341109097,51
0,NOBLES              ,27105,5.4,1.6863989535702288,1.49998,0.40545177468594146,52
0,NOBLES              ,27105,6.2,1.824549292051046,1.49998,0.40545177468594146,52
0,NOBLES              ,27105,9.7,2.272125885509337,1.49998,0.40545177468594146,52
0,NORMAN              ,27107,8.1,2.0918640616783932,1.30372,0.265221716521598,53
0,NORMAN              ,27107,1.6,0.47000362924573563,1.30372,0.265221716521598,53
1,NORMAN              ,27107,1.6,0.47000362924573563,1.30372,0.265221716521598,53
0,OLMSTED             ,27109,6.4,1.8562979903656263,1.27526,0.2431500793898401,54
0,OLMSTED             ,27109,4.4,1.4816045409242156,1.27526,0.2431500793898401,54
0,OLMSTED             ,27109,11.2,2.4159137783010487,1.27526,0.2431500793898401,54
0,OLMSTED             ,27109,10.0,2.302585092994046,1.27526,0.2431500793898401,54
0,OLMSTED             ,27109,4.5,1.5040773967762742,1.27526,0.2431500793898401,54
0,OLMSTED             ,27109,8.0,2.0794415416798357,1.27526,0.2431500793898401,54
0,OLMSTED             ,27109,2.3,0.8329091229351039,1.27526,0.2431500793898401,54
0,OLMSTED             ,27109,3.2,1.1631508098056809,1.27526,0.2431500793898401,54
0,OLMSTED             ,27109,5.0,1.6094379124341003,1.27526,0.2431500793898401,54
0,OLMSTED             ,27109,4.1,1.410986973710262,1.27526,0.2431500793898401,54
0,OLMSTED             ,27109,1.1,0.09531017980432493,1.27526,0.2431500793898401,54
0,OLMSTED             ,27109,2.0,0.6931471805599453,1.27526,0.2431500793898401,54
1,OLMSTED             ,27109,1.1,0.09531017980432493,1.27526,0.2431500793898401,54
0,OLMSTED             ,27109,2.9,1.0647107369924282,1.27526,0.2431500793898401,54
0,OLMSTED             ,27109,2.1,0.7419373447293773,1.27526,0.2431500793898401,54
0,OLMSTED             ,27109,7.8,2.0541237336955462,1.27526,0.2431500793898401,54
0,OLMSTED             ,27109,3.8,1.33500106673234,1.27526,0.2431500793898401,54
0,OLMSTED             ,27109,2.5,0.9162907318741551,1.27526,0.2431500793898401,54
0,OLMSTED             ,27109,2.9,1.0647107369924282,1.27526,0.2431500793898401,54
1,OLMSTED             ,27109,1.7,0.5306282510621704,1.27526,0.2431500793898401,54
0,OLMSTED             ,27109,2.5,0.9162907318741551,1.27526,0.2431500793898401,54
0,OLMSTED             ,27109,9.4,2.2407096892759584,1.27526,0.2431500793898401,54
1,OLMSTED             ,27109,0.6,-0.5108256237659907,1.27526,0.2431500793898401,54
0,OTTER TAIL          ,27111,2.7,0.9932517730102834,0.814867,-0.20473036924229032,55
1,OTTER TAIL          ,27111,1.1,0.09531017980432493,0.814867,-0.20473036924229032,55
1,OTTER TAIL          ,27111,2.1,0.7419373447293773,0.814867,-0.20473036924229032,55
0,OTTER TAIL          ,27111,12.0,2.4849066497880004,0.814867,-0.20473036924229032,55
1,OTTER TAIL          ,27111,12.6,2.533696813957432,0.814867,-0.20473036924229032,55
0,OTTER TAIL          ,27111,3.2,1.1631508098056809,0.814867,-0.20473036924229032,55
0,OTTER TAIL          ,27111,4.2,1.4350845252893227,0.814867,-0.20473036924229032,55
0,OTTER TAIL          ,27111,3.8,1.33500106673234,0.814867,-0.20473036924229032,55
1,PENNINGTON          ,27113,3.7,1.308332819650179,0.928646,-0.07402766768590431,56
0,PENNINGTON          ,27113,5.8,1.7578579175523736,0.928646,-0.07402766768590431,56
1,PENNINGTON          ,27113,0.3,-1.2039728043259361,0.928646,-0.07402766768590431,56
0,PINE                ,27115,4.1,1.410986973710262,0.849343,-0.16329216954729414,57
0,PINE                ,27115,2.8,1.0296194171811581,0.849343,-0.16329216954729414,57
0,PINE                ,27115,1.9,0.6418538861723947,0.849343,-0.16329216954729414,57
1,PINE                ,27115,1.2,0.1823215567939546,0.849343,-0.16329216954729414,57
0,PINE                ,27115,1.2,0.1823215567939546,0.849343,-0.16329216954729414,57
0,PINE                ,27115,1.5,0.4054651081081644,0.849343,-0.16329216954729414,57
0,PIPESTONE           ,27117,9.4,2.2407096892759584,1.61382,0.4786040394649064,58
0,PIPESTONE           ,27117,1.7,0.5306282510621704,1.61382,0.4786040394649064,58
0,PIPESTONE           ,27117,12.1,2.4932054526026954,1.61382,0.4786040394649064,58
1,PIPESTONE           ,27117,4.3,1.4586150226995167,1.61382,0.4786040394649064,58
0,POLK                ,27119,6.9,1.9315214116032138,1.30488,0.2661110825236379,59
1,POLK                ,27119,1.4,0.3364722366212129,1.30488,0.2661110825236379,59
1,POLK                ,27119,2.5,0.9162907318741551,1.30488,0.2661110825236379,59
0,POLK                ,27119,9.6,2.2617630984737906,1.30488,0.2661110825236379,59
0,POPE                ,27121,3.8,1.33500106673234,1.32465,0.2811482736007839,60
0,POPE                ,27121,3.4,1.2237754316221157,1.32465,0.2811482736007839,60
0,RAMSEY              ,27123,6.8,1.916922612182061,0.658327,-0.418053510614464,61
0,RAMSEY              ,27123,3.6,1.2809338454620642,0.658327,-0.418053510614464,61
0,RAMSEY              ,27123,2.2,0.7884573603642703,0.658327,-0.418053510614464,61
0,RAMSEY              ,27123,2.6,0.9555114450274363,0.658327,-0.418053510614464,61
0,RAMSEY              ,27123,2.1,0.7419373447293773,0.658327,-0.418053510614464,61
0,RAMSEY              ,27123,7.0,1.9459101490553132,0.658327,-0.418053510614464,61
0,RAMSEY              ,27123,1.2,0.1823215567939546,0.658327,-0.418053510614464,61
0,RAMSEY              ,27123,3.8,1.33500106673234,0.658327,-0.418053510614464,61
0,RAMSEY              ,27123,3.5,1.252762968495368,0.658327,-0.418053510614464,61
0,RAMSEY              ,27123,4.2,1.4350845252893227,0.658327,-0.418053510614464,61
1,RAMSEY              ,27123,1.6,0.47000362924573563,0.658327,-0.418053510614464,61
1,RAMSEY              ,27123,2.8,1.0296194171811581,0.658327,-0.418053510614464,61
0,RAMSEY              ,27123,8.6,2.151762203259462,0.658327,-0.418053510614464,61
0,RAMSEY              ,27123,6.2,1.824549292051046,0.658327,-0.418053510614464,61
0,RAMSEY              ,27123,5.2,1.6486586255873816,0.658327,-0.418053510614464,61
0,RAMSEY              ,27123,2.7,0.9932517730102834,0.658327,-0.418053510614464,61
0,RAMSEY              ,27123,1.2,0.1823215567939546,0.658327,-0.418053510614464,61
0,RAMSEY              ,27123,3.5,1.252762968495368,0.658327,-0.418053510614464,61
0,RAMSEY              ,27123,5.5,1.7047480922384253,0.658327,-0.418053510614464,61
1,RAMSEY              ,27123,10.1,2.312535423847214,0.658327,-0.418053510614464,61
0,RAMSEY              ,27123,5.5,1.7047480922384253,0.658327,-0.418053510614464,61
0,RAMSEY              ,27123,1.2,0.1823215567939546,0.658327,-0.418053510614464,61
0,RAMSEY              ,27123,4.9,1.589235205116581,0.658327,-0.418053510614464,61
0,RAMSEY              ,27123,4.0,1.3862943611198906,0.658327,-0.418053510614464,61
0,RAMSEY              ,27123,3.5,1.252762968495368,0.658327,-0.418053510614464,61
0,RAMSEY              ,27123,2.5,0.9162907318741551,0.658327,-0.418053510614464,61
0,RAMSEY              ,27123,1.2,0.1823215567939546,0.658327,-0.418053510614464,61
0,RAMSEY              ,27123,2.7,0.9932517730102834,0.658327,-0.418053510614464,61
0,RAMSEY              ,27123,1.7,0.5306282510621704,0.658327,-0.418053510614464,61
0,RAMSEY              ,27123,3.1,1.1314021114911006,0.658327,-0.418053510614464,61
0,RAMSEY              ,27123,0.7,-0.35667494393873245,0.658327,-0.418053510614464,61
0,RAMSEY              ,27123,1.0,0.0,0.658327,-0.418053510614464,61
0,REDWOOD             ,27127,1.9,0.6418538861723947,1.44242,0.36632225859009826,62
0,REDWOOD             ,27127,3.8,1.33500106673234,1.44242,0.36632225859009826,62
0,REDWOOD             ,27127,8.9,2.186051276738094,1.44242,0.36632225859009826,62
0,REDWOOD             ,27127,7.4,2.0014800002101243,1.44242,0.36632225859009826,62
1,REDWOOD             ,27127,20.7,3.0301337002713233,1.44242,0.36632225859009826,62
0,RENVILLE            ,27129,6.0,1.791759469228055,1.46313,0.3805779766002149,63
0,RENVILLE            ,27129,2.1,0.7419373447293773,1.46313,0.3805779766002149,63
1,RENVILLE            ,27129,5.8,1.7578579175523736,1.46313,0.3805779766002149,63
0,RICE                ,27131,9.7,2.272125885509337,1.21306,0.19314609287710252,64
0,RICE                ,27131,6.4,1.8562979903656263,1.21306,0.19314609287710252,64
0,RICE                ,27131,4.6,1.5260563034950492,1.21306,0.19314609287710252,64
0,RICE                ,27131,5.6,1.7227665977411035,1.21306,0.19314609287710252,64
0,RICE                ,27131,19.0,2.9444389791664403,1.21306,0.19314609287710252,64
1,RICE                ,27131,2.4,0.8754687373538999,1.21306,0.19314609287710252,64
0,RICE                ,27131,3.0,1.0986122886681098,1.21306,0.19314609287710252,64
0,RICE                ,27131,5.1,1.62924053973028,1.21306,0.19314609287710252,64
0,RICE                ,27131,7.7,2.0412203288596382,1.21306,0.19314609287710252,64
0,RICE                ,27131,8.1,2.0918640616783932,1.21306,0.19314609287710252,64
0,RICE                ,27131,4.7,1.547562508716013,1.21306,0.19314609287710252,64
0,ROCK                ,27133,8.4,2.128231705849268,1.69558,0.5280248651920556,65
0,ROCK                ,27133,1.6,0.47000362924573563,1.69558,0.5280248651920556,65
1,ROSEAU              ,27135,6.0,1.791759469228055,0.808928,-0.21204536464817642,66
1,ROSEAU              ,27135,1.1,0.09531017980432493,0.808928,-0.21204536464817642,66
0,ROSEAU              ,27135,11.4,2.4336133554004498,0.808928,-0.21204536464817642,66
1,ROSEAU              ,27135,4.3,1.4586150226995167,0.808928,-0.21204536464817642,66
1,ROSEAU              ,27135,3.6,1.2809338454620642,0.808928,-0.21204536464817642,66
0,ROSEAU              ,27135,10.3,2.33214389523559,0.808928,-0.21204536464817642,66
1,ROSEAU              ,27135,3.4,1.2237754316221157,0.808928,-0.21204536464817642,66
0,ROSEAU              ,27135,3.1,1.1314021114911006,0.808928,-0.21204536464817642,66
0,ROSEAU              ,27135,3.6,1.2809338454620642,0.808928,-0.21204536464817642,66
0,ROSEAU              ,27135,2.7,0.9932517730102834,0.808928,-0.21204536464817642,66
0,ROSEAU              ,27135,4.0,1.3862943611198906,0.808928,-0.21204536464817642,66
1,ROSEAU              ,27135,1.2,0.1823215567939546,0.808928,-0.21204536464817642,66
1,ROSEAU              ,27135,1.7,0.5306282510621704,0.808928,-0.21204536464817642,66
1,ROSEAU              ,27135,4.2,1.4350845252893227,0.808928,-0.21204536464817642,66
1,SCOTT               ,27139,19.3,2.9601050959108397,1.06515,0.06311563431407531,67
1,SCOTT               ,27139,9.1,2.2082744135228043,1.06515,0.06311563431407531,67
0,SCOTT               ,27139,2.0,0.6931471805599453,1.06515,0.06311563431407531,67
0,SCOTT               ,27139,11.4,2.4336133554004498,1.06515,0.06311563431407531,67
0,SCOTT               ,27139,10.2,2.322387720290225,1.06515,0.06311563431407531,67
1,SCOTT               ,27139,2.1,0.7419373447293773,1.06515,0.06311563431407531,67
0,SCOTT               ,27139,1.2,0.1823215567939546,1.06515,0.06311563431407531,67
0,SCOTT               ,27139,3.2,1.1631508098056809,1.06515,0.06311563431407531,67
1,SCOTT               ,27139,2.0,0.6931471805599453,1.06515,0.06311563431407531,67
0,SCOTT               ,27139,4.3,1.4586150226995167,1.06515,0.06311563431407531,67
0,SCOTT               ,27139,2.2,0.7884573603642703,1.06515,0.06311563431407531,67
0,SCOTT               ,27139,5.4,1.6863989535702288,1.06515,0.06311563431407531,67
0,SCOTT               ,27139,25.2,3.2268439945173775,1.06515,0.06311563431407531,67
0,SHERBURNE           ,27141,5.1,1.62924053973028,0.504879,-0.6834364823767883,68
0,SHERBURNE           ,27141,2.3,0.8329091229351039,0.504879,-0.6834364823767883,68
0,SHERBURNE           ,27141,3.2,1.1631508098056809,0.504879,-0.6834364823767883,68
0,SHERBURNE           ,27141,2.5,0.9162907318741551,0.504879,-0.6834364823767883,68
0,SHERBURNE           ,27141,2.8,1.0296194171811581,0.504879,-0.6834364823767883,68
0,SHERBURNE           ,27141,3.1,1.1314021114911006,0.504879,-0.6834364823767883,68
0,SHERBURNE           ,27141,1.6,0.47000362924573563,0.504879,-0.6834364823767883,68
0,SHERBURNE           ,27141,4.7,1.547562508716013,0.504879,-0.6834364823767883,68
0,SIBLEY              ,27143,4.0,1.3862943611198906,1.26771,0.23721212323308002,69
0,SIBLEY              ,27143,5.0,1.6094379124341003,1.26771,0.23721212323308002,69
0,SIBLEY              ,27143,1.5,0.4054651081081644,1.26771,0.23721212323308002,69
0,SIBLEY              ,27143,4.8,1.5686159179138452,1.26771,0.23721212323308002,69
0,ST LOUIS            ,27137,0.8,-0.2231435513142097,0.622088,-0.47467371715050316,70
1,ST LOUIS            ,27137,0.5,-0.6931471805599453,0.622088,-0.47467371715050316,70
0,ST LOUIS            ,27137,2.4,0.8754687373538999,0.622088,-0.47467371715050316,70
0,ST LOUIS            ,27137,2.3,0.8329091229351039,0.622088,-0.47467371715050316,70
0,ST LOUIS            ,27137,4.6,1.5260563034950492,0.622088,-0.47467371715050316,70
0,ST LOUIS            ,27137,11.0,2.3978952727983707,0.622088,-0.47467371715050316,70
0,ST LOUIS            ,27137,14.9,2.7013612129514133,0.622088,-0.47467371715050316,70
0,ST LOUIS            ,27137,8.6,2.151762203259462,0.622088,-0.47467371715050316,70
0,ST LOUIS            ,27137,4.5,1.5040773967762742,0.622088,-0.47467371715050316,70
0,ST LOUIS            ,27137,1.5,0.4054651081081644,0.622088,-0.47467371715050316,70
0,ST LOUIS            ,27137,3.9,1.3609765531356006,0.622088,-0.47467371715050316,70
0,ST LOUIS            ,27137,1.8,0.5877866649021191,0.622088,-0.47467371715050316,70
0,ST LOUIS            ,27137,1.6,0.47000362924573563,0.622088,-0.47467371715050316,70
0,ST LOUIS            ,27137,0.5,-0.6931471805599453,0.622088,-0.47467371715050316,70
1,ST LOUIS            ,27137,0.4,-0.916290731874155,0.622088,-0.47467371715050316,70
1,ST LOUIS            ,27137,0.5,-0.6931471805599453,0.622088,-0.47467371715050316,70
0,ST LOUIS            ,27137,8.7,2.163323025660538,0.622088,-0.47467371715050316,70
1,ST LOUIS            ,27137,1.6,0.47000362924573563,0.622088,-0.47467371715050316,70
0,ST LOUIS            ,27137,1.4,0.3364722366212129,0.622088,-0.47467371715050316,70
0,ST LOUIS            ,27137,8.7,2.163323025660538,0.622088,-0.47467371715050316,70
0,ST LOUIS            ,27137,11.1,2.4069451083182885,0.622088,-0.47467371715050316,70
0,ST LOUIS            ,27137,1.5,0.4054651081081644,0.622088,-0.47467371715050316,70
0,ST LOUIS            ,27137,1.1,0.09531017980432493,0.622088,-0.47467371715050316,70
1,ST LOUIS            ,27137,0.9,-0.10536051565782628,0.622088,-0.47467371715050316,70
0,ST LOUIS            ,27137,0.7,-0.35667494393873245,0.622088,-0.47467371715050316,70
0,ST LOUIS            ,27137,4.2,1.4350845252893227,0.622088,-0.47467371715050316,70
0,ST LOUIS            ,27137,3.4,1.2237754316221157,0.622088,-0.47467371715050316,70
1,ST LOUIS            ,27137,2.1,0.7419373447293773,0.622088,-0.47467371715050316,70
0,ST LOUIS            ,27137,2.9,1.0647107369924282,0.622088,-0.47467371715050316,70
0,ST LOUIS            ,27137,1.8,0.5877866649021191,0.622088,-0.47467371715050316,70
0,ST LOUIS            ,27137,1.8,0.5877866649021191,0.622088,-0.47467371715050316,70
0,ST LOUIS            ,27137,2.4,0.8754687373538999,0.622088,-0.47467371715050316,70
0,ST LOUIS            ,27137,1.7,0.5306282510621704,0.622088,-0.47467371715050316,70
1,ST LOUIS            ,27137,0.8,-0.2231435513142097,0.622088,-0.47467371715050316,70
0,ST LOUIS            ,27137,11.7,2.4595888418037104,0.622088,-0.47467371715050316,70
0,ST LOUIS            ,27137,1.8,0.5877866649021191,0.622088,-0.47467371715050316,70
0,ST LOUIS            ,27137,2.8,1.0296194171811581,0.622088,-0.47467371715050316,70
1,ST LOUIS            ,27137,3.5,1.252762968495368,0.622088,-0.47467371715050316,70
0,ST LOUIS            ,27137,3.6,1.2809338454620642,0.622088,-0.47467371715050316,70
0,ST LOUIS            ,27137,3.5,1.252762968495368,0.622088,-0.47467371715050316,70
0,ST LOUIS            ,27137,3.0,1.0986122886681098,0.622088,-0.47467371715050316,70
1,ST LOUIS            ,27137,3.2,1.1631508098056809,0.622088,-0.47467371715050316,70
0,ST LOUIS            ,27137,3.1,1.1314021114911006,0.622088,-0.47467371715050316,70
0,ST LOUIS            ,27137,3.3,1.1939224684724346,0.622088,-0.47467371715050316,70
1,ST LOUIS            ,27137,1.7,0.5306282510621704,0.622088,-0.47467371715050316,70
0,ST LOUIS            ,27137,5.6,1.7227665977411035,0.622088,-0.47467371715050316,70
0,ST LOUIS            ,27137,3.4,1.2237754316221157,0.622088,-0.47467371715050316,70
0,ST LOUIS            ,27137,1.5,0.4054651081081644,0.622088,-0.47467371715050316,70
0,ST LOUIS            ,27137,32.2,3.4719664525503626,0.622088,-0.47467371715050316,70
0,ST LOUIS            ,27137,1.1,0.09531017980432493,0.622088,-0.47467371715050316,70
0,ST LOUIS            ,27137,2.1,0.7419373447293773,0.622088,-0.47467371715050316,70
0,ST LOUIS            ,27137,0.8,-0.2231435513142097,0.622088,-0.47467371715050316,70
0,ST LOUIS            ,27137,1.5,0.4054651081081644,0.622088,-0.47467371715050316,70
0,ST LOUIS            ,27137,1.3,0.26236426446749106,0.622088,-0.47467371715050316,70
0,ST LOUIS            ,27137,3.1,1.1314021114911006,0.622088,-0.47467371715050316,70
0,ST LOUIS            ,27137,7.2,1.9740810260220096,0.622088,-0.47467371715050316,70
0,ST LOUIS            ,27137,1.4,0.3364722366212129,0.622088,-0.47467371715050316,70
0,ST LOUIS            ,27137,1.3,0.26236426446749106,0.622088,-0.47467371715050316,70
0,ST LOUIS            ,27137,1.5,0.4054651081081644,0.622088,-0.47467371715050316,70
0,ST LOUIS            ,27137,5.0,1.6094379124341003,0.622088,-0.47467371715050316,70
0,ST LOUIS            ,27137,2.3,0.8329091229351039,0.622088,-0.47467371715050316,70
0,ST LOUIS            ,27137,2.4,0.8754687373538999,0.622088,-0.47467371715050316,70
0,ST LOUIS            ,27137,1.2,0.1823215567939546,0.622088,-0.47467371715050316,70
0,ST LOUIS            ,27137,5.4,1.6863989535702288,0.622088,-0.47467371715050316,70
0,ST LOUIS            ,27137,1.1,0.09531017980432493,0.622088,-0.47467371715050316,70
0,ST LOUIS            ,27137,1.4,0.3364722366212129,0.622088,-0.47467371715050316,70
1,ST LOUIS            ,27137,7.2,1.9740810260220096,0.622088,-0.47467371715050316,70
0,ST LOUIS            ,27137,1.1,0.09531017980432493,0.622088,-0.47467371715050316,70
0,ST LOUIS            ,27137,3.3,1.1939224684724346,0.622088,-0.47467371715050316,70
0,ST LOUIS            ,27137,3.2,1.1631508098056809,0.622088,-0.47467371715050316,70
0,ST LOUIS            ,27137,1.5,0.4054651081081644,0.622088,-0.47467371715050316,70
0,ST LOUIS            ,27137,3.6,1.2809338454620642,0.622088,-0.47467371715050316,70
0,ST LOUIS            ,27137,0.8,-0.2231435513142097,0.622088,-0.47467371715050316,70
0,ST LOUIS            ,27137,1.6,0.47000362924573563,0.622088,-0.47467371715050316,70
0,ST LOUIS            ,27137,1.4,0.3364722366212129,0.622088,-0.47467371715050316,70
0,ST LOUIS            ,27137,2.7,0.9932517730102834,0.622088,-0.47467371715050316,70
0,ST LOUIS            ,27137,3.3,1.1939224684724346,0.622088,-0.47467371715050316,70
0,ST LOUIS            ,27137,0.9,-0.10536051565782628,0.622088,-0.47467371715050316,70
0,ST LOUIS            ,27137,0.6,-0.5108256237659907,0.622088,-0.47467371715050316,70
0,ST LOUIS            ,27137,2.0,0.6931471805599453,0.622088,-0.47467371715050316,70
0,ST LOUIS            ,27137,1.9,0.6418538861723947,0.622088,-0.47467371715050316,70
0,ST LOUIS            ,27137,0.9,-0.10536051565782628,0.622088,-0.47467371715050316,70
0,ST LOUIS            ,27137,5.4,1.6863989535702288,0.622088,-0.47467371715050316,70
0,ST LOUIS            ,27137,1.5,0.4054651081081644,0.622088,-0.47467371715050316,70
0,ST LOUIS            ,27137,3.1,1.1314021114911006,0.622088,-0.47467371715050316,70
0,ST LOUIS            ,27137,1.8,0.5877866649021191,0.622088,-0.47467371715050316,70
1,ST LOUIS            ,27137,0.9,-0.10536051565782628,0.622088,-0.47467371715050316,70
0,ST LOUIS            ,27137,3.3,1.1939224684724346,0.622088,-0.47467371715050316,70
0,ST LOUIS            ,27137,1.7,0.5306282510621704,0.622088,-0.47467371715050316,70
0,ST LOUIS            ,27137,3.1,1.1314021114911006,0.622088,-0.47467371715050316,70
1,ST LOUIS            ,27137,0.7,-0.35667494393873245,0.622088,-0.47467371715050316,70
0,ST LOUIS            ,27137,4.3,1.4586150226995167,0.622088,-0.47467371715050316,70
0,ST LOUIS            ,27137,1.4,0.3364722366212129,0.622088,-0.47467371715050316,70
0,ST LOUIS            ,27137,1.8,0.5877866649021191,0.622088,-0.47467371715050316,70
0,ST LOUIS            ,27137,1.5,0.4054651081081644,0.622088,-0.47467371715050316,70
1,ST LOUIS            ,27137,2.2,0.7884573603642703,0.622088,-0.47467371715050316,70
0,ST LOUIS            ,27137,2.4,0.8754687373538999,0.622088,-0.47467371715050316,70
0,ST LOUIS            ,27137,2.7,0.9932517730102834,0.622088,-0.47467371715050316,70
0,ST LOUIS            ,27137,1.7,0.5306282510621704,0.622088,-0.47467371715050316,70
1,ST LOUIS            ,27137,1.1,0.09531017980432493,0.622088,-0.47467371715050316,70
1,ST LOUIS            ,27137,1.8,0.5877866649021191,0.622088,-0.47467371715050316,70
0,ST LOUIS            ,27137,0.2,-1.6094379124341003,0.622088,-0.47467371715050316,70
0,ST LOUIS            ,27137,2.2,0.7884573603642703,0.622088,-0.47467371715050316,70
0,ST LOUIS            ,27137,4.6,1.5260563034950492,0.622088,-0.47467371715050316,70
0,ST LOUIS            ,27137,2.1,0.7419373447293773,0.622088,-0.47467371715050316,70
0,ST LOUIS            ,27137,2.0,0.6931471805599453,0.622088,-0.47467371715050316,70
0,ST LOUIS            ,27137,0.7,-0.35667494393873245,0.622088,-0.47467371715050316,70
0,ST LOUIS            ,27137,6.4,1.8562979903656263,0.622088,-0.47467371715050316,70
0,ST LOUIS            ,27137,3.0,1.0986122886681098,0.622088,-0.47467371715050316,70
0,ST LOUIS            ,27137,2.0,0.6931471805599453,0.622088,-0.47467371715050316,70
0,ST LOUIS            ,27137,0.9,-0.10536051565782628,0.622088,-0.47467371715050316,70
0,ST LOUIS            ,27137,3.3,1.1939224684724346,0.622088,-0.47467371715050316,70
0,ST LOUIS            ,27137,1.8,0.5877866649021191,0.622088,-0.47467371715050316,70
0,ST LOUIS            ,27137,1.8,0.5877866649021191,0.622088,-0.47467371715050316,70
0,ST LOUIS            ,27137,2.2,0.7884573603642703,0.622088,-0.47467371715050316,70
0,ST LOUIS            ,27137,4.3,1.4586150226995167,0.622088,-0.47467371715050316,70
0,STEARNS             ,27145,7.5,2.0149030205422647,1.12344,0.11639540667778776,71
0,STEARNS             ,27145,6.4,1.8562979903656263,1.12344,0.11639540667778776,71
0,STEARNS             ,27145,8.3,2.1162555148025524,1.12344,0.11639540667778776,71
0,STEARNS             ,27145,2.1,0.7419373447293773,1.12344,0.11639540667778776,71
0,STEARNS             ,27145,3.3,1.1939224684724346,1.12344,0.11639540667778776,71
0,STEARNS             ,27145,1.3,0.26236426446749106,1.12344,0.11639540667778776,71
0,STEARNS             ,27145,5.0,1.6094379124341003,1.12344,0.11639540667778776,71
1,STEARNS             ,27145,1.0,0.0,1.12344,0.11639540667778776,71
0,STEARNS             ,27145,7.0,1.9459101490553132,1.12344,0.11639540667778776,71
0,STEARNS             ,27145,5.7,1.7404661748405046,1.12344,0.11639540667778776,71
0,STEARNS             ,27145,10.1,2.312535423847214,1.12344,0.11639540667778776,71
0,STEARNS             ,27145,6.6,1.8870696490323797,1.12344,0.11639540667778776,71
1,STEARNS             ,27145,2.6,0.9555114450274363,1.12344,0.11639540667778776,71
0,STEARNS             ,27145,3.3,1.1939224684724346,1.12344,0.11639540667778776,71
1,STEARNS             ,27145,1.5,0.4054651081081644,1.12344,0.11639540667778776,71
0,STEARNS             ,27145,5.0,1.6094379124341003,1.12344,0.11639540667778776,71
0,STEARNS             ,27145,7.4,2.0014800002101243,1.12344,0.11639540667778776,71
0,STEARNS             ,27145,14.5,2.6741486494265287,1.12344,0.11639540667778776,71
0,STEARNS             ,27145,1.8,0.5877866649021191,1.12344,0.11639540667778776,71
0,STEARNS             ,27145,7.4,2.0014800002101243,1.12344,0.11639540667778776,71
0,STEARNS             ,27145,2.6,0.9555114450274363,1.12344,0.11639540667778776,71
0,STEARNS             ,27145,3.7,1.308332819650179,1.12344,0.11639540667778776,71
0,STEARNS             ,27145,1.9,0.6418538861723947,1.12344,0.11639540667778776,71
1,STEARNS             ,27145,2.2,0.7884573603642703,1.12344,0.11639540667778776,71
0,STEARNS             ,27145,5.0,1.6094379124341003,1.12344,0.11639540667778776,71
0,STEELE              ,27147,7.3,1.9878743481543455,1.30971,0.2698057386604077,72
0,STEELE              ,27147,3.7,1.308332819650179,1.30971,0.2698057386604077,72
0,STEELE              ,27147,2.9,1.0647107369924282,1.30971,0.2698057386604077,72
0,STEELE              ,27147,4.4,1.4816045409242156,1.30971,0.2698057386604077,72
0,STEELE              ,27147,8.4,2.128231705849268,1.30971,0.2698057386604077,72
0,STEELE              ,27147,5.1,1.62924053973028,1.30971,0.2698057386604077,72
0,STEELE              ,27147,3.6,1.2809338454620642,1.30971,0.2698057386604077,72
0,STEELE              ,27147,1.5,0.4054651081081644,1.30971,0.2698057386604077,72
0,STEELE              ,27147,8.6,2.151762203259462,1.30971,0.2698057386604077,72
0,STEELE              ,27147,10.6,2.3608540011180215,1.30971,0.2698057386604077,72
0,STEVENS             ,27149,8.0,2.0794415416798357,1.60124,0.47077832908830686,73
0,STEVENS             ,27149,4.5,1.5040773967762742,1.60124,0.47077832908830686,73
0,SWIFT               ,27151,3.0,1.0986122886681098,1.37167,0.31602897559162796,74
0,SWIFT               ,27151,2.4,0.8754687373538999,1.37167,0.31602897559162796,74
0,SWIFT               ,27151,1.5,0.4054651081081644,1.37167,0.31602897559162796,74
0,SWIFT               ,27151,4.8,1.5686159179138452,1.37167,0.31602897559162796,74
0,TODD                ,27153,6.8,1.916922612182061,0.95424,-0.04684006684581817,75
0,TODD                ,27153,2.1,0.7419373447293773,0.95424,-0.04684006684581817,75
1,TODD                ,27153,6.0,1.791759469228055,0.95424,-0.04684006684581817,75
1,TRAVERSE            ,27155,2.9,1.0647107369924282,1.64476,0.49759447691684777,76
0,TRAVERSE            ,27155,6.7,1.9021075263969205,1.64476,0.49759447691684777,76
0,TRAVERSE            ,27155,19.3,2.9601050959108397,1.64476,0.49759447691684777,76
0,TRAVERSE            ,27155,4.0,1.3862943611198906,1.64476,0.49759447691684777,76
0,WABASHA             ,27157,5.9,1.7749523509116738,1.16193,0.15008241565130426,77
0,WABASHA             ,27157,9.0,2.1972245773362196,1.16193,0.15008241565130426,77
0,WABASHA             ,27157,8.4,2.128231705849268,1.16193,0.15008241565130426,77
1,WABASHA             ,27157,1.1,0.09531017980432493,1.16193,0.15008241565130426,77
0,WABASHA             ,27157,3.1,1.1314021114911006,1.16193,0.15008241565130426,77
0,WABASHA             ,27157,11.5,2.4423470353692043,1.16193,0.15008241565130426,77
0,WABASHA             ,27157,9.6,2.2617630984737906,1.16193,0.15008241565130426,77
0,WADENA              ,27159,2.9,1.0647107369924282,0.510671,-0.6720297317460263,78
1,WADENA              ,27159,0.7,-0.35667494393873245,0.510671,-0.6720297317460263,78
1,WADENA              ,27159,3.2,1.1631508098056809,0.510671,-0.6720297317460263,78
0,WADENA              ,27159,4.7,1.547562508716013,0.510671,-0.6720297317460263,78
0,WADENA              ,27159,4.8,1.5686159179138452,0.510671,-0.6720297317460263,78
0,WASECA              ,27161,0.4,-0.916290731874155,1.23666,0.21241419710112402,79
0,WASECA              ,27161,9.3,2.2300144001592104,1.23666,0.21241419710112402,79
0,WASECA              ,27161,1.7,0.5306282510621704,1.23666,0.21241419710112402,79
1,WASECA              ,27161,0.9,-0.10536051565782628,1.23666,0.21241419710112402,79
0,WASHINGTON          ,27163,10.2,2.322387720290225,0.862876,-0.14748428304275582,80
0,WASHINGTON          ,27163,7.7,2.0412203288596382,0.862876,-0.14748428304275582,80
0,WASHINGTON          ,27163,2.2,0.7884573603642703,0.862876,-0.14748428304275582,80
0,WASHINGTON          ,27163,6.5,1.8718021769015913,0.862876,-0.14748428304275582,80
0,WASHINGTON          ,27163,12.2,2.501435951739211,0.862876,-0.14748428304275582,80
0,WASHINGTON          ,27163,4.6,1.5260563034950492,0.862876,-0.14748428304275582,80
0,WASHINGTON          ,27163,6.2,1.824549292051046,0.862876,-0.14748428304275582,80
0,WASHINGTON          ,27163,6.5,1.8718021769015913,0.862876,-0.14748428304275582,80
0,WASHINGTON          ,27163,2.8,1.0296194171811581,0.862876,-0.14748428304275582,80
0,WASHINGTON          ,27163,1.9,0.6418538861723947,0.862876,-0.14748428304275582,80
1,WASHINGTON          ,27163,1.2,0.1823215567939546,0.862876,-0.14748428304275582,80
0,WASHINGTON          ,27163,2.4,0.8754687373538999,0.862876,-0.14748428304275582,80
0,WASHINGTON          ,27163,1.0,0.0,0.862876,-0.14748428304275582,80
1,WASHINGTON          ,27163,1.2,0.1823215567939546,0.862876,-0.14748428304275582,80
0,WASHINGTON          ,27163,1.6,0.47000362924573563,0.862876,-0.14748428304275582,80
0,WASHINGTON          ,27163,0.8,-0.2231435513142097,0.862876,-0.14748428304275582,80
0,WASHINGTON          ,27163,1.7,0.5306282510621704,0.862876,-0.14748428304275582,80
0,WASHINGTON          ,27163,4.7,1.547562508716013,0.862876,-0.14748428304275582,80
1,WASHINGTON          ,27163,1.7,0.5306282510621704,0.862876,-0.14748428304275582,80
0,WASHINGTON          ,27163,3.3,1.1939224684724346,0.862876,-0.14748428304275582,80
1,WASHINGTON          ,27163,0.8,-0.2231435513142097,0.862876,-0.14748428304275582,80
0,WASHINGTON          ,27163,9.8,2.2823823856765264,0.862876,-0.14748428304275582,80
0,WASHINGTON          ,27163,5.3,1.667706820558076,0.862876,-0.14748428304275582,80
0,WASHINGTON          ,27163,8.5,2.1400661634962708,0.862876,-0.14748428304275582,80
0,WASHINGTON          ,27163,1.9,0.6418538861723947,0.862876,-0.14748428304275582,80
0,WASHINGTON          ,27163,6.6,1.8870696490323797,0.862876,-0.14748428304275582,80
0,WASHINGTON          ,27163,3.8,1.33500106673234,0.862876,-0.14748428304275582,80
0,WASHINGTON          ,27163,5.9,1.7749523509116738,0.862876,-0.14748428304275582,80
0,WASHINGTON          ,27163,4.9,1.589235205116581,0.862876,-0.14748428304275582,80
1,WASHINGTON          ,27163,2.5,0.9162907318741551,0.862876,-0.14748428304275582,80
0,WASHINGTON          ,27163,10.7,2.3702437414678603,0.862876,-0.14748428304275582,80
0,WASHINGTON          ,27163,2.4,0.8754687373538999,0.862876,-0.14748428304275582,80
0,WASHINGTON          ,27163,2.1,0.7419373447293773,0.862876,-0.14748428304275582,80
0,WASHINGTON          ,27163,4.7,1.547562508716013,0.862876,-0.14748428304275582,80
0,WASHINGTON          ,27163,3.7,1.308332819650179,0.862876,-0.14748428304275582,80
0,WASHINGTON          ,27163,13.4,2.5952547069568657,0.862876,-0.14748428304275582,80
0,WASHINGTON          ,27163,2.9,1.0647107369924282,0.862876,-0.14748428304275582,80
0,WASHINGTON          ,27163,4.3,1.4586150226995167,0.862876,-0.14748428304275582,80
0,WASHINGTON          ,27163,3.8,1.33500106673234,0.862876,-0.14748428304275582,80
0,WASHINGTON          ,27163,1.8,0.5877866649021191,0.862876,-0.14748428304275582,80
0,WASHINGTON          ,27163,1.5,0.4054651081081644,0.862876,-0.14748428304275582,80
0,WASHINGTON          ,27163,1.8,0.5877866649021191,0.862876,-0.14748428304275582,80
0,WASHINGTON          ,27163,1.3,0.26236426446749106,0.862876,-0.14748428304275582,80
0,WASHINGTON          ,27163,6.6,1.8870696490323797,0.862876,-0.14748428304275582,80
0,WASHINGTON          ,27163,20.4,3.0155349008501706,0.862876,-0.14748428304275582,80
0,WASHINGTON          ,27163,6.0,1.791759469228055,0.862876,-0.14748428304275582,80
0,WATONWAN            ,27165,13.8,2.624668592163159,1.2011,0.1832378035783076,81
1,WATONWAN            ,27165,10.2,2.322387720290225,1.2011,0.1832378035783076,81
1,WATONWAN            ,27165,5.7,1.7404661748405046,1.2011,0.1832378035783076,81
0,WILKIN              ,27167,9.3,2.2300144001592104,1.26622,0.2360360842961474,82
0,WINONA              ,27169,3.4,1.2237754316221157,1.58917,0.46321186735752345,83
0,WINONA              ,27169,4.1,1.410986973710262,1.58917,0.46321186735752345,83
0,WINONA              ,27169,11.6,2.451005098112319,1.58917,0.46321186735752345,83
0,WINONA              ,27169,7.2,1.9740810260220096,1.58917,0.46321186735752345,83
0,WINONA              ,27169,4.7,1.547562508716013,1.58917,0.46321186735752345,83
1,WINONA              ,27169,1.8,0.5877866649021191,1.58917,0.46321186735752345,83
1,WINONA              ,27169,0.7,-0.35667494393873245,1.58917,0.46321186735752345,83
0,WINONA              ,27169,4.7,1.547562508716013,1.58917,0.46321186735752345,83
0,WINONA              ,27169,10.2,2.322387720290225,1.58917,0.46321186735752345,83
0,WINONA              ,27169,11.3,2.424802725718295,1.58917,0.46321186735752345,83
0,WINONA              ,27169,7.6,2.028148247292285,1.58917,0.46321186735752345,83
0,WINONA              ,27169,11.8,2.468099531471619,1.58917,0.46321186735752345,83
1,WINONA              ,27169,0.5,-0.6931471805599453,1.58917,0.46321186735752345,83
0,WRIGHT              ,27171,6.7,1.9021075263969205,0.913909,-0.09002427484788668,84
0,WRIGHT              ,27171,5.3,1.667706820558076,0.913909,-0.09002427484788668,84
0,WRIGHT              ,27171,3.1,1.1314021114911006,0.913909,-0.09002427484788668,84
0,WRIGHT              ,27171,2.1,0.7419373447293773,0.913909,-0.09002427484788668,84
0,WRIGHT              ,27171,7.3,1.9878743481543455,0.913909,-0.09002427484788668,84
0,WRIGHT              ,27171,5.1,1.62924053973028,0.913909,-0.09002427484788668,84
0,WRIGHT              ,27171,2.2,0.7884573603642703,0.913909,-0.09002427484788668,84
1,WRIGHT              ,27171,2.3,0.8329091229351039,0.913909,-0.09002427484788668,84
0,WRIGHT              ,27171,15.9,2.766319109226186,0.913909,-0.09002427484788668,84
0,WRIGHT              ,27171,9.5,2.2512917986064953,0.913909,-0.09002427484788668,84
0,WRIGHT              ,27171,6.4,1.8562979903656263,0.913909,-0.09002427484788668,84
0,WRIGHT              ,27171,4.5,1.5040773967762742,0.913909,-0.09002427484788668,84
0,WRIGHT              ,27171,5.0,1.6094379124341003,0.913909,-0.09002427484788668,84
0,YELLOW MEDICINE     ,27173,3.7,1.308332819650179,1.42659,0.35528698116388363,85
0,YELLOW MEDICINE     ,27173,2.9,1.0647107369924282,1.42659,0.35528698116388363,85
